{
	"class_name" : "PinholeCameraParameters",
	"extrinsic" : 
	[
		-0.038719550788801765,
		-0.496778115942209,
		0.86701343698216271,
		0.0,
		-0.53819209186492922,
		-0.72069498353077077,
		-0.43697598671738669,
		0.0,
		0.84193234208026779,
		-0.48353928923562273,
		-0.23945706739360151,
		0.0,
		-1.9988704353405691,
		1.2076725950304592,
		30.33511144235851,
		1.0
	],
	"intrinsic" : 
	{
		"height" : 877,
		"intrinsic_matrix" : 
		[
			759.5042791189527,
			0.0,
			0.0,
			0.0,
			759.5042791189527,
			0.0,
			799.5,
			438.0,
			1.0
		],
		"width" : 1600
	},
	"version_major" : 1,
	"version_minor" : 0
}