{
	"class_name" : "PinholeCameraParameters",
	"extrinsic" : 
	[
		0.4588286234810357,
		-0.21373989868352172,
		0.86243350467456681,
		0.0,
		-0.67504209933556092,
		-0.71499534321146951,
		0.18193356839943481,
		0.0,
		0.57774947719503555,
		-0.66565525228655031,
		-0.47234375904016379,
		0.0,
		-3.7058055015869007,
		0.15697935832854792,
		5.1133763004864896,
		1.0
	],
	"intrinsic" : 
	{
		"height" : 877,
		"intrinsic_matrix" : 
		[
			759.5042791189527,
			0.0,
			0.0,
			0.0,
			759.5042791189527,
			0.0,
			799.5,
			438.0,
			1.0
		],
		"width" : 1600
	},
	"version_major" : 1,
	"version_minor" : 0
}