{
	"class_name" : "PinholeCameraParameters",
	"extrinsic" : 
	[
		0.32362113755312782,
		0.12878377689606882,
		-0.93738151151876425,
		0.0,
		0.94583369015185537,
		-0.071092290389034238,
		0.31677202657584114,
		0.0,
		-0.025845500624745117,
		-0.9891211377054,
		-0.14481500282025855,
		0.0,
		1.4187035431093951,
		1.9606754850622883,
		17.252962422970018,
		1.0
	],
	"intrinsic" : 
	{
		"height" : 881,
		"intrinsic_matrix" : 
		[
			762.96838073409049,
			0.0,
			0.0,
			0.0,
			762.96838073409049,
			0.0,
			801.5,
			440.0,
			1.0
		],
		"width" : 1604
	},
	"version_major" : 1,
	"version_minor" : 0
}