{
	"class_name" : "PinholeCameraParameters",
	"extrinsic" : 
	[
		0.54267324599643663,
		-0.44124461663105174,
		0.7147089871925546,
		0.0,
		-0.79636453737705593,
		-0.54081094539187857,
		0.27078966921315573,
		0.0,
		0.26703795926406926,
		-0.71611920071902757,
		-0.64487519619971623,
		0.0,
		-2.8113125450609768,
		1.3665076025241056,
		21.078935714145828,
		1.0
	],
	"intrinsic" : 
	{
		"height" : 881,
		"intrinsic_matrix" : 
		[
			762.96838073409049,
			0.0,
			0.0,
			0.0,
			762.96838073409049,
			0.0,
			801.5,
			440.0,
			1.0
		],
		"width" : 1604
	},
	"version_major" : 1,
	"version_minor" : 0
}