{
	"class_name" : "PinholeCameraParameters",
	"extrinsic" : 
	[
		0.19672538110825555,
		-0.013071765342488066,
		-0.98037148743659541,
		0.0,
		0.90740249635989711,
		-0.37631639114041704,
		0.18710073051401929,
		0.0,
		-0.37137559697378963,
		-0.92639899757603561,
		-0.062169632960777439,
		0.0,
		1.5621525341084266,
		1.6920211295224141,
		37.861253564697186,
		1.0
	],
	"intrinsic" : 
	{
		"height" : 881,
		"intrinsic_matrix" : 
		[
			762.96838073409049,
			0.0,
			0.0,
			0.0,
			762.96838073409049,
			0.0,
			801.5,
			440.0,
			1.0
		],
		"width" : 1604
	},
	"version_major" : 1,
	"version_minor" : 0
}