{
	"class_name" : "PinholeCameraParameters",
	"extrinsic" : 
	[
		0.33927853929247159,
		0.20738748343242092,
		0.91754046477042872,
		0.0,
		-0.26425928431152179,
		-0.91510394309292142,
		0.30455180838561685,
		0.0,
		0.90280513037461696,
		-0.3457964792350473,
		-0.25567106116632832,
		0.0,
		-2.9183827575647587,
		-0.70649601076567436,
		4.3209090766972267,
		1.0
	],
	"intrinsic" : 
	{
		"height" : 881,
		"intrinsic_matrix" : 
		[
			762.96838073409049,
			0.0,
			0.0,
			0.0,
			762.96838073409049,
			0.0,
			801.5,
			440.0,
			1.0
		],
		"width" : 1604
	},
	"version_major" : 1,
	"version_minor" : 0
}