{
	"class_name" : "PinholeCameraParameters",
	"extrinsic" : 
	[
		0.2144878473945025,
		-0.023732166343188671,
		0.97643829687324935,
		0.0,
		-0.67039955243935945,
		-0.73061132949361152,
		0.1295049238627009,
		0.0,
		0.71032344985167084,
		-0.68238102955477642,
		-0.17261728504001045,
		0.0,
		-2.5282141311085349,
		0.67021083179431828,
		14.183703582958458,
		1.0
	],
	"intrinsic" : 
	{
		"height" : 881,
		"intrinsic_matrix" : 
		[
			762.96838073409049,
			0.0,
			0.0,
			0.0,
			762.96838073409049,
			0.0,
			801.5,
			440.0,
			1.0
		],
		"width" : 1604
	},
	"version_major" : 1,
	"version_minor" : 0
}