{
	"class_name" : "PinholeCameraParameters",
	"extrinsic" : 
	[
		0.1387954102941294,
		-0.53082880784052811,
		0.83603624972119972,
		0.0,
		-0.79240624020575146,
		-0.56588309752034349,
		-0.22774694382969568,
		0.0,
		0.59399342131396482,
		-0.63087011080521593,
		-0.49917403651266307,
		0.0,
		-2.8745110359841282,
		1.2484371425074885,
		9.7551735780615889,
		1.0
	],
	"intrinsic" : 
	{
		"height" : 881,
		"intrinsic_matrix" : 
		[
			762.96838073409049,
			0.0,
			0.0,
			0.0,
			762.96838073409049,
			0.0,
			801.5,
			440.0,
			1.0
		],
		"width" : 1604
	},
	"version_major" : 1,
	"version_minor" : 0
}