{
	"class_name" : "PinholeCameraParameters",
	"extrinsic" : 
	[
		0.88727729949432166,
		0.18786013170328494,
		0.42124525483201392,
		0.0,
		-0.28643850677861959,
		-0.49140545130773744,
		0.82248019080065005,
		0.0,
		0.36151345152912162,
		-0.85042886436283627,
		-0.38220252618479389,
		0.0,
		-3.3010772657207839,
		0.39906410951985016,
		12.051272875137792,
		1.0
	],
	"intrinsic" : 
	{
		"height" : 881,
		"intrinsic_matrix" : 
		[
			762.96838073409049,
			0.0,
			0.0,
			0.0,
			762.96838073409049,
			0.0,
			801.5,
			440.0,
			1.0
		],
		"width" : 1604
	},
	"version_major" : 1,
	"version_minor" : 0
}