{
	"class_name" : "PinholeCameraParameters",
	"extrinsic" : 
	[
		0.10074684885000004,
		-0.32729800759549293,
		0.93953503748972345,
		0.0,
		-0.30156449643733407,
		-0.9099606539637014,
		-0.28465850193951719,
		0.0,
		0.94810807766588123,
		-0.25465196339705221,
		-0.19037712730980574,
		0.0,
		-2.5133990139751052,
		-0.31135444326573158,
		9.3253398601097128,
		1.0
	],
	"intrinsic" : 
	{
		"height" : 881,
		"intrinsic_matrix" : 
		[
			762.96838073409049,
			0.0,
			0.0,
			0.0,
			762.96838073409049,
			0.0,
			801.5,
			440.0,
			1.0
		],
		"width" : 1604
	},
	"version_major" : 1,
	"version_minor" : 0
}